target,tier,model,scheme,n,rmse_log,mae_log,r2_log,medape,r2_fold_mean,r2_fold_sd,rmse_fold_mean,rmse_fold_sd,r2_main_stem,rmse_main_stem,r2_reservoir,rmse_reservoir,r2_treatment,rmse_treatment,r2_tributary,rmse_tributary,best_params,seconds
THMFP,base,median,random,1386,0.2808859966637598,0.230579935077472,-0.0121453939190574,0.4481639050604565,-0.0201094862236093,0.0207002290748791,0.2804576045752286,0.0149634953619004,-0.3856072431459603,0.2749311816779168,-0.1173428725597822,0.3300865164412308,-0.303198032018062,0.2749932690430037,-0.2148904235738276,0.2699856209271546,,0.0
THMFP,base,site_median,random,1386,0.2492302983023334,0.1853643539507458,0.2031356443680627,0.3281918445950062,0.1977760157901161,0.0712777275260786,0.2485324986549078,0.0181238229589411,-0.0895267475002625,0.2437939222409819,-0.0718349379581124,0.323294642381996,0.0325398119787568,0.2369372847802904,0.1487977949676338,0.2259895984423736,,0.0
THMFP,base,persistence,random,1386,0.2281251850258172,0.1553177150912805,0.3323802213508382,0.238095238095238,0.3277006686697896,0.12542289987069,0.2267006918364267,0.024858469480051,0.170928481761755,0.2126669115658351,0.1406848792176424,0.2894748115043346,0.0546829410322816,0.2342100914478456,0.339337876069631,0.1990956563056468,,0.0
THMFP,base,median,month,693,0.2925200798941441,0.2411349067477538,-0.0977263598125197,0.4640522875816993,-0.4768418661588257,0.3583824942061045,0.2881530746552029,0.0462301940081855,-0.5082313446378073,0.2868388068784044,-0.2018806526918009,0.3423459740393272,-0.4033581546005587,0.2853652703999392,-0.3406735829018632,0.2836178800262621,,0.0
THMFP,base,site_median,month,693,0.2524765967794853,0.1911939510346545,0.1822416610288141,0.3496658373784331,-0.0252312813917187,0.2938928384862405,0.2437422717960947,0.0620778816320032,-0.1522898583619203,0.2507175850922435,0.0070886293474875,0.311164321907758,-0.0085705733026657,0.2419190132825426,0.1185648293714816,0.2299679258693909,,0.0
THMFP,base,persistence,month,693,0.2280608349830223,0.1549226201346442,0.3327568154739753,0.238095238095238,0.1531396883565587,0.3245761631946914,0.2187986700189612,0.0617871628459457,0.1697311888417442,0.2128204162515321,0.1390846215247807,0.2897442230502954,0.0550470337348165,0.234164983620343,0.3475247092356563,0.1978582280025046,,0.0
THMFP,base,median,site,693,0.2811868005931215,0.2307160285314778,-0.0143143901563234,0.4527027027027026,-0.0614187679928542,0.0917395681006702,0.2800644204709348,0.0278897311711846,-0.3823077273467781,0.2746036428085758,-0.1138227002539786,0.3295661398977679,-0.3074965581882687,0.2754464206724286,-0.2389967122173568,0.2726510392708491,,0.0
THMFP,base,site_median,site,693,0.2811868005931215,0.2307160285314778,-0.0143143901563234,0.4527027027027026,-0.0614187679928542,0.0917395681006702,0.2800644204709348,0.0278897311711846,-0.3823077273467781,0.2746036428085758,-0.1138227002539786,0.3295661398977679,-0.3074965581882687,0.2754464206724286,-0.2389967122173568,0.2726510392708491,,0.0
THMFP,base,persistence,site,693,0.2292876424798985,0.1563271155785206,0.3255589059192576,0.238095238095238,0.290449116498449,0.2342008743665802,0.2265425865184388,0.0357784406394465,0.2176190227797573,0.2065917942441616,0.101732556688095,0.2959629739370168,-0.0126307089361661,0.2424054628669526,0.3634035937140515,0.1954358228982935,,0.0
THMFP,base,median,forward,176,0.4226146619333287,0.37548444404923,-1.0687545074900884,0.6074103271580611,-1.0687545074900884,0.0,0.4226146619333287,0.0,-5.644764670536701,0.4971852040089427,-0.5105123253941828,0.3951715658487373,-0.1289863694749222,0.3168416795775578,-4.823676118877639,0.4325177916548391,,0.0
THMFP,base,site_median,forward,176,0.3998181742159863,0.3405025414291481,-0.8515903144522998,0.5212304988343088,-0.8515903144522998,0.0,0.3998181742159863,0.0,-3.3557618549087627,0.402541311373892,-1.3772389292170717,0.4957468552392293,-0.6255695104977652,0.3801900353722648,-2.735160001943519,0.3463857164105255,,0.0
THMFP,base,persistence,forward,176,0.2620443889405938,0.1986052729918668,0.204629339733276,0.3554964539007091,0.204629339733276,0.0,0.2620443889405938,0.0,0.0055293940136301,0.1923421068882068,-0.0265021471600261,0.325764294975444,-0.1281088635326286,0.3167185228637159,-0.6611851229439765,0.2310012800659386,,0.0
HAAFP,base,median,random,1384,0.2913955743315818,0.2389552019047962,-0.0042805554033937,0.4666666666666668,-0.0087754588165641,0.0085862484639095,0.2909982049533037,0.0149557007350774,-0.5550110460179296,0.2690994497554912,-0.3106836888371111,0.2840753878814019,-0.9277778847189132,0.3205015655765922,-0.2917499304275026,0.2835860307386432,,0.0
HAAFP,base,site_median,random,1384,0.2015254004011599,0.152525222375961,0.5196600190447607,0.2804344228724751,0.5178741007456046,0.0483670759156545,0.2009521863595817,0.0148956759510814,-0.0298060466676082,0.2189897507618162,0.1962121134565382,0.2224617705497824,0.4686442819213604,0.1682652122459868,0.3133259323786124,0.2067620996833485,,0.0
HAAFP,base,persistence,random,1384,0.2388775247246447,0.174105294462574,0.325099528576746,0.2853721444362563,0.3178531566476072,0.1023585417630947,0.2382194645335529,0.017894137915764,-0.4950862329941394,0.2638634228128713,-0.0295563144609192,0.2517733243431064,0.241505020354994,0.2010379345534017,0.0904675615314797,0.2379604091366247,,0.0
HAAFP,base,median,month,692,0.292955919286066,0.2397941016802796,-0.0150646560025644,0.4700588066551921,-0.0897811938340625,0.102030723285827,0.2886255439675732,0.0470026512106166,-0.5679613144903699,0.270217668345071,-0.3242639341511515,0.2855432752281772,-0.9552336931797611,0.3227758211537315,-0.2996304400017018,0.2844497444886047,,0.0
HAAFP,base,site_median,month,692,0.2018958765385967,0.15253458430597,0.517892320554931,0.2834228743159701,0.5043474309363434,0.1770927497523934,0.1933247531115343,0.056238564627774,-0.0374665807557665,0.2198027534667078,0.1787063644449327,0.2248712270179253,0.4580142210516318,0.1699399961436981,0.3505263703711934,0.2010834703041605,,0.0
HAAFP,base,persistence,month,692,0.2380458257850085,0.1733675386425252,0.3297909439344932,0.282480818414322,0.3216952897129262,0.2984817526169659,0.2265872175166389,0.070904926233614,-0.4783439025729925,0.2623818608031321,-0.0224168910069555,0.2508988488980025,0.2413425986295778,0.2010594582161937,0.0943554495366072,0.2374512715973688,,0.0
HAAFP,base,median,site,692,0.2932252950262267,0.2401579748535019,-0.016932237351789,0.4720442331541959,-0.1233181706418687,0.126524687978616,0.2898321078123271,0.0474353196495901,-0.5413141768123437,0.2679116857548181,-0.3324332384418051,0.2864226706951863,-0.9807803550273936,0.3248776376050994,-0.3161283398058374,0.286249496170635,,0.0
HAAFP,base,site_median,site,692,0.2932252950262267,0.2401579748535019,-0.016932237351789,0.4720442331541959,-0.1233181706418687,0.126524687978616,0.2898321078123271,0.0474353196495901,-0.5413141768123437,0.2679116857548181,-0.3324332384418051,0.2864226706951863,-0.9807803550273936,0.3248776376050994,-0.3161283398058374,0.286249496170635,,0.0
HAAFP,base,persistence,site,692,0.2433880236512029,0.1759866232544905,0.2993718872095755,0.28,0.1747362490477332,0.3301124397730423,0.240112581306577,0.0410813864529695,-0.4214056735111959,0.257279446553588,-0.1101416740699883,0.2614411011394448,0.0692893880148384,0.2226942436722628,0.1082799565236364,0.2356187647449635,,0.0
HAAFP,base,median,forward,176,0.3588462013762021,0.3079357508148913,-0.0275612707431716,0.5851826561966542,-0.0275612707431716,0.0,0.3588462013762021,0.0,-0.7262243092823024,0.3846656704544564,-0.1018033136902927,0.3020572964151527,-0.3922465433425972,0.3456449000413784,-0.6047583145794062,0.3545511304746612,,0.0
HAAFP,base,site_median,forward,176,0.2720438046814999,0.2030021464545964,0.4094336457971922,0.3219200503590961,0.4094336457971922,0.0,0.2720438046814999,0.0,-0.0960958771375037,0.3065201908961796,-0.2238771109585471,0.3183509866033727,0.393863779372524,0.228064241769256,0.4080338184703965,0.2153389075526267,,0.0
HAAFP,base,persistence,forward,176,0.3441600563035232,0.2556991793097921,0.0548256033618259,0.4451171735878623,0.0548256033618259,0.0,0.3441600563035232,0.0,-0.7470260651622025,0.3869764244597657,-0.5505866675907234,0.3583317714322397,-0.027825526257708,0.2969831290926141,-0.1725998027830371,0.3030741986878639,,0.0
THMFP,1,ridge,random,1386,0.1877135157020334,0.1304059208762556,0.5479631771925447,0.1972397740758643,0.5469692035209677,0.0731709062736098,0.1865216680014473,0.0207396267841381,0.4362778997264084,0.1753623904456388,0.3557974029867006,0.2506373491018479,0.4050099299089852,0.1858111259323235,0.5295971050280156,0.1679991457387429,,0.0
THMFP,1,hgb,random,1386,0.1778690063632639,0.1223373595952186,0.5941334272040995,0.1930276525157477,0.5927651660781821,0.0836569528337127,0.1763557622658089,0.0228117283784014,0.5031019143796023,0.1646408456225268,0.2892310604114164,0.2632684238474386,0.5432210091161982,0.1628058164073641,0.5344952837928504,0.1671221919450204,"{'l2_regularization': 0.217, 'learning_rate': 0.027, 'max_depth': 6.0, 'max_iter': 153.0, 'min_samples_leaf': 10.0}",6.1
THMFP,1,xgb,random,1386,0.1769196393050629,0.1219747981331837,0.5984544503948855,0.1870067923151144,0.5967775618507918,0.0849626259460478,0.1753942776480712,0.0228764959250147,0.5121521341742468,0.1631346182404149,0.2592152604465243,0.2687698608424874,0.5612743782312175,0.1595560789720504,0.5460072251150516,0.165042787895691,"{'colsample_bytree': 0.652, 'learning_rate': 0.041, 'max_depth': 3.0, 'min_child_weight': 5.0, 'n_estimators': 353.0, 'reg_lambda': 9.479, 'subsample': 0.641}",12.9
THMFP,2,ridge,random,1386,0.1861277968083219,0.1320387868422236,0.5555681246862401,0.2113750183943475,0.5542779562652663,0.0734137042086428,0.1849745241259412,0.0204020188158722,0.4308416493243667,0.1762059147297279,0.3810975693360218,0.2456663351354364,0.4250963920664666,0.1826477695861852,0.534579144877762,0.1671071376618907,,0.1
THMFP,2,hgb,random,1386,0.1720599837836748,0.1165249979616008,0.6202109128111319,0.1736485747772805,0.6185797563688729,0.0893695252701685,0.1703533313868828,0.0239305247768527,0.5379202794131622,0.1587677831077478,0.3335691922228029,0.2549247990321925,0.5689574363650979,0.1581528179738885,0.5671567614039139,0.1611526306755817,"{'l2_regularization': 0.482, 'learning_rate': 0.06, 'max_depth': 5.0, 'max_iter': 347.0, 'min_samples_leaf': 11.0}",5.2
THMFP,2,xgb,random,1386,0.1719984365648136,0.1150841192759183,0.6204825713438351,0.1652718936637303,0.6182563719985921,0.0938989012768288,0.1702398320914554,0.0243233303534063,0.5488047937527948,0.1568867132326938,0.2831365446795804,0.2643947172748518,0.5780907122791177,0.1564683125929477,0.5837539277223396,0.1580327708116627,"{'colsample_bytree': 0.652, 'learning_rate': 0.041, 'max_depth': 3.0, 'min_child_weight': 5.0, 'n_estimators': 353.0, 'reg_lambda': 9.479, 'subsample': 0.641}",3.8
THMFP,3,ridge,random,1386,0.1657408671252413,0.1127432942406952,0.6475950989763726,0.1740528595075422,0.6464569788451938,0.0649892503195782,0.1645483619525992,0.0195277558616128,0.6067143097100265,0.1464731423268045,0.409550585332405,0.2399528436621151,0.5416702133838611,0.1630819506406022,0.6084458269971631,0.1532738297233055,,0.1
THMFP,3,hgb,random,1386,0.1493640237213923,0.0981715909945824,0.7137966350833844,0.1540615728790321,0.7140256251280148,0.0675393027004975,0.1476929472172498,0.0220235945302841,0.6826546368104628,0.1315739778443799,0.5398037864186722,0.2118390759748631,0.5818935611914491,0.1557615584978014,0.7651081331368207,0.1187151294078358,"{'l2_regularization': 0.415, 'learning_rate': 0.037, 'max_depth': 5.0, 'max_iter': 431.0, 'min_samples_leaf': 28.0}",5.7
THMFP,3,xgb,random,1386,0.1490466105215035,0.0969984989647701,0.7150117630190135,0.1434149184351106,0.7152536307246727,0.071292526961558,0.1472005200608423,0.023132555383537,0.6772535348290052,0.1326889243477286,0.5118401537817708,0.2181803226319514,0.6105167012288866,0.1503354063867018,0.7575697439197795,0.1206050493137598,"{'colsample_bytree': 0.652, 'learning_rate': 0.041, 'max_depth': 3.0, 'min_child_weight': 5.0, 'n_estimators': 353.0, 'reg_lambda': 9.479, 'subsample': 0.641}",4.7
THMFP,1,ridge,month,693,0.2010585944372339,0.1431938817637772,0.4814053756220821,0.2297418813950987,0.3920596974211974,0.3302256908098501,0.1874312889193257,0.0696484500281066,0.3731665939302436,0.1849183429034737,0.2464687783573182,0.2710723236706442,0.296456888669714,0.2020515626591669,0.4766147725159522,0.1772077905366611,,0.0
THMFP,1,hgb,month,693,0.2141419668585192,0.1543379478281726,0.4117169966994489,0.2640809700066027,0.2970365379450494,0.2873513281682626,0.2030340047291375,0.0647303577438598,0.3235274195413369,0.1921007344323573,0.0140233341094251,0.3100757989667325,0.2568917023847024,0.2076552480371289,0.3472573095188095,0.1978987673266337,"{'l2_regularization': 0.64, 'learning_rate': 0.028, 'max_depth': 2.0, 'max_iter': 131.0, 'min_samples_leaf': 15.0}",2.9
THMFP,1,xgb,month,693,0.2171242643743714,0.1550503085458236,0.395217178968321,0.2527381242103457,0.2477970276388242,0.2777316948049226,0.208181560945555,0.058745965072277,0.2638615846908526,0.2003935169120305,-0.0032154167975326,0.3127747255167581,0.2748403367555174,0.2051321233047753,0.3312831911217013,0.2003056503636538,"{'colsample_bytree': 0.908, 'learning_rate': 0.026, 'max_depth': 3.0, 'min_child_weight': 5.0, 'n_estimators': 265.0, 'reg_lambda': 0.624, 'subsample': 0.921}",2.6
THMFP,2,ridge,month,693,0.2004467667967497,0.1444614574550553,0.4845567729921134,0.2420433894783457,0.4202403640333461,0.3085183123585632,0.1845452454902669,0.0751193665700345,0.3507047007551404,0.1882023559052068,0.2799795712595421,0.2649762576946076,0.3120800086324646,0.1997955547265217,0.485988188331422,0.1756137957525397,,0.0
THMFP,2,hgb,month,693,0.2229257384005168,0.1656410420078352,0.3624662889495831,0.2939085171623174,0.233713089269568,0.3626118401134452,0.2096674940105972,0.0719289763001578,0.2749295571894725,0.1988813352529346,0.0655683319471519,0.3018619179093733,0.0965032387979627,0.2289708287857453,0.3372342569455556,0.1994123753603601,"{'l2_regularization': 0.64, 'learning_rate': 0.028, 'max_depth': 2.0, 'max_iter': 131.0, 'min_samples_leaf': 15.0}",3.2
THMFP,2,xgb,month,693,0.2291354066026161,0.1657385124213437,0.3264542009748478,0.2631996173901057,0.2156727297207178,0.4635219662755511,0.2117514127957594,0.0840002964716985,0.1854675713587715,0.21079393733765,-0.0217546408862785,0.3156515035674322,0.1410880023659659,0.223249857668499,0.2416942360134822,0.2133016716471808,"{'colsample_bytree': 0.684, 'learning_rate': 0.029, 'max_depth': 2.0, 'min_child_weight': 5.0, 'n_estimators': 484.0, 'reg_lambda': 0.856, 'subsample': 0.698}",2.9
THMFP,3,ridge,month,693,0.1810458754158858,0.1236727558137907,0.5795058127032534,0.1882972916665904,0.5235544902512501,0.243985831648033,0.1675668578422963,0.0659177773330001,0.5640713328734717,0.1542096818102857,0.2840485670882252,0.2642264769712262,0.4009191038510346,0.1864487995358991,0.5856491255815561,0.1576725931640718,,0.0
THMFP,3,hgb,month,693,0.1945020657711296,0.1393780763823295,0.5146766766572722,0.2380128412450926,0.4119483873969694,0.1989574753640998,0.1855254956520117,0.0550406912587456,0.4703430725471366,0.1699813423961238,0.2756257070209337,0.2657761876950126,0.2768522909965681,0.2048473562841605,0.5391097634771964,0.1662918000955954,"{'l2_regularization': 0.594, 'learning_rate': 0.028, 'max_depth': 4.0, 'max_iter': 153.0, 'min_samples_leaf': 12.5}",4.4
THMFP,3,xgb,month,693,0.1912530825388372,0.1312891885864606,0.5307550432768713,0.2114619723384288,0.4548951511539354,0.2580713274263138,0.1787488593072102,0.0651328087173417,0.4521940474581314,0.1728690716682376,0.2980847861685245,0.2616235779487132,0.3333538821468095,0.1966819626046875,0.5743076043878492,0.1598159153476742,"{'colsample_bytree': 0.822, 'learning_rate': 0.027, 'max_depth': 3.0, 'min_child_weight': 4.0, 'n_estimators': 418.5, 'reg_lambda': 1.525, 'subsample': 0.691}",3.6
THMFP,1,ridge,site,693,0.1871929224558554,0.1301534675384344,0.5504670032475334,0.1979337911308674,0.524056826239511,0.1159160532210042,0.185732381353522,0.0231005127588617,0.4376027682346962,0.1751561995079286,0.3616176174721534,0.2495025562599707,0.4091939321079711,0.1851566564167144,0.5319854180902244,0.1675721233511523,,0.0
THMFP,1,hgb,site,693,0.1825732415986053,0.1248393184620282,0.5723810138986735,0.1766927021748342,0.5469962315485929,0.1463425097362448,0.1803408150857026,0.0283987609194616,0.4845487899361822,0.1676863486051921,0.2002817770863642,0.2792563446660125,0.5371344980808178,0.1638869084300248,0.5087528348017333,0.1716809505067544,"{'l2_regularization': 0.217, 'learning_rate': 0.027, 'max_depth': 6.0, 'max_iter': 153.0, 'min_samples_leaf': 10.0}",5.2
THMFP,1,xgb,site,693,0.1820850664499424,0.1239469766263533,0.5746647425794768,0.1784587084574795,0.5497517606059824,0.1495406213624016,0.1797864579158555,0.0283635155682737,0.4902217450951461,0.1667610340328438,0.1379279482445847,0.2899387990310612,0.5826257098261565,0.1556251212537654,0.4843885399498702,0.1758868459969509,"{'colsample_bytree': 0.652, 'learning_rate': 0.041, 'max_depth': 3.0, 'min_child_weight': 5.0, 'n_estimators': 353.0, 'reg_lambda': 9.479, 'subsample': 0.641}",3.6
THMFP,2,ridge,site,693,0.1870185617383095,0.1364188074797593,0.5513040476286029,0.2205652984406899,0.5303899719914223,0.0813973084857309,0.1857462079502235,0.0223964252467508,0.4319855361909642,0.1760287575235668,0.3698280524820417,0.2478928988213231,0.4242573456515582,0.182781004166321,0.507184331955971,0.1719548120914351,,0.1
THMFP,2,hgb,site,693,0.1807461757566171,0.1298936072701773,0.5808968154783201,0.2227969701716247,0.5649031108857566,0.1199833868691421,0.1783103720069708,0.0297644850387756,0.494150699283732,0.1661171621385304,0.2490022943493232,0.2706162415074665,0.5251643462484834,0.165992519419915,0.5297013695870547,0.1679805262449354,"{'l2_regularization': 0.415, 'learning_rate': 0.037, 'max_depth': 5.0, 'max_iter': 265.0, 'min_samples_leaf': 15.0}",6.0
THMFP,2,xgb,site,693,0.1800884765998899,0.1272687883398386,0.583941331397521,0.1957204284818502,0.5679327513574222,0.1193966702942112,0.1776222289525861,0.030097267863364,0.4968963457507871,0.1656657237486198,0.2124208361749967,0.2771288003995292,0.546516001770126,0.1622175506381306,0.5468483908430812,0.1648898199300612,"{'colsample_bytree': 0.652, 'learning_rate': 0.041, 'max_depth': 3.0, 'min_child_weight': 5.0, 'n_estimators': 353.0, 'reg_lambda': 9.479, 'subsample': 0.641}",4.2
THMFP,3,ridge,site,693,0.1668145500373479,0.1146877437855625,0.6430144944880565,0.170452641268725,0.631330823139345,0.1184334889065425,0.1639261692599994,0.030859368394508,0.6013265881226608,0.1474730161736091,0.3964922824668347,0.242591716233402,0.5365083961260417,0.1639977130131533,0.6092865533739025,0.1531091901842665,,0.1
THMFP,3,hgb,site,693,0.149268876473875,0.1004833004036002,0.7141611510931629,0.1537881440975049,0.6988418368563931,0.132647448361863,0.1463348105790482,0.0297612244937282,0.6756849844757002,0.1330109681449084,0.5378465075039682,0.2122890886125669,0.6137326505580496,0.1497134629129418,0.7111224766713609,0.1316524533108651,"{'l2_regularization': 0.415, 'learning_rate': 0.055, 'max_depth': 3.0, 'max_iter': 265.0, 'min_samples_leaf': 18.0}",6.5
THMFP,3,xgb,site,693,0.1529070975750885,0.1016129347511438,0.7000574938321794,0.1549840563411335,0.6868565894855491,0.1299670467425155,0.149763253539586,0.0310981483483008,0.660668456928009,0.1360554810698872,0.466257901502529,0.2281393933033322,0.6094764238973577,0.1505360391591595,0.7219826424405529,0.1291540520210329,"{'colsample_bytree': 0.652, 'learning_rate': 0.041, 'max_depth': 3.0, 'min_child_weight': 5.0, 'n_estimators': 353.0, 'reg_lambda': 9.479, 'subsample': 0.641}",5.5
THMFP,1,ridge,forward,176,0.2985902861737116,0.2417088919894062,-0.0326928905455015,0.4260762299604516,-0.0326928905455015,0.0,0.2985902861737116,0.0,-0.8149081624276686,0.2598398281655004,-0.7448098686363716,0.4247150059141282,-0.0965819041431113,0.3122615383621365,-0.7798813322585785,0.2391117368213247,,0.0
THMFP,1,hgb,forward,176,0.3239173198067481,0.2697364018334207,-0.2153130957126803,0.4522183969329042,-0.2153130957126803,0.0,0.3239173198067481,0.0,-1.3688061584238005,0.2968541708135242,-1.0244949109745392,0.4574903058510877,-0.1023468562022262,0.3130812733143549,-1.6647829017486435,0.2925743753717523,"{'l2_regularization': 0.64, 'learning_rate': 0.028, 'max_depth': 2.0, 'max_iter': 131.0, 'min_samples_leaf': 15.0}",0.4
THMFP,1,xgb,forward,176,0.3221633544035729,0.2647696177086872,-0.2021872404723652,0.446712556596216,-0.2021872404723652,0.0,0.3221633544035729,0.0,-1.2917557429329918,0.2919863556466134,-1.1067096737765725,0.4666872068922564,-0.0749282197318756,0.3091631258940172,-1.6430251090151595,0.2913775011400236,"{'colsample_bytree': 0.664, 'learning_rate': 0.026, 'max_depth': 3.0, 'min_child_weight': 1.0, 'n_estimators': 455.0, 'reg_lambda': 3.603, 'subsample': 0.98}",0.3
THMFP,2,ridge,forward,176,0.2966956683751475,0.238310465234556,-0.0196291638582339,0.3990818384923664,-0.0196291638582339,0.0,0.2966956683751475,0.0,-0.8746399252152961,0.2640811025508928,-0.7196838656243894,0.4216458784456176,-0.0523900363014246,0.3059048209377312,-0.68808711560132,0.232864238218805,,0.0
THMFP,2,hgb,forward,176,0.3378524431331895,0.2842307222018994,-0.3221294063267623,0.4716698611121196,-0.3221294063267623,0.0,0.3378524431331895,0.0,-1.789355685852609,0.3221293838858072,-0.9623868538711,0.4504181309252486,-0.1561671816483916,0.3206330426530506,-2.1030601208751727,0.3157188156397769,"{'l2_regularization': 0.64, 'learning_rate': 0.028, 'max_depth': 2.0, 'max_iter': 131.0, 'min_samples_leaf': 15.0}",0.4
THMFP,2,xgb,forward,176,0.3438682203151202,0.2832864115540509,-0.3696320781120346,0.487699324419572,-0.3696320781120346,0.0,0.3438682203151202,0.0,-1.6520609776259365,0.3141015981679365,-0.9454294924954094,0.4484678338099262,-0.3547184489127271,0.3470743189248384,-2.187750858558512,0.3199982149222602,"{'colsample_bytree': 0.664, 'learning_rate': 0.026, 'max_depth': 3.0, 'min_child_weight': 1.0, 'n_estimators': 455.0, 'reg_lambda': 3.603, 'subsample': 0.98}",0.4
THMFP,3,ridge,forward,176,0.2593994676502534,0.2053053956255303,0.2206043131737718,0.337233068034658,0.2206043131737718,0.0,0.2593994676502534,0.0,-0.0160646867457094,0.1944191644337968,-0.6210515072933196,0.4093756042180572,0.1777151929648016,0.2704014963334068,-0.7931330596510362,0.2400002139024087,,0.0
THMFP,3,hgb,forward,176,0.3075210480472696,0.2559398899347446,-0.095391910455703,0.4069883876550315,-0.095391910455703,0.0,0.3075210480472696,0.0,-1.0999423207023264,0.2795001700666956,-0.7079483075867539,0.42020470639861,-0.0123182442271017,0.3000243402750126,-1.7073320156064424,0.294900921407185,"{'l2_regularization': 0.64, 'learning_rate': 0.028, 'max_depth': 2.0, 'max_iter': 131.0, 'min_samples_leaf': 15.0}",0.5
THMFP,3,xgb,forward,176,0.3171867917467484,0.2634869881823144,-0.1653329476391369,0.4464888881076579,-0.1653329476391369,0.0,0.3171867917467484,0.0,-1.2824238081747763,0.2913912710466749,-0.7295235372022704,0.4228504426227825,-0.1433730856149448,0.3188540517104615,-1.4870207307525716,0.2826474506355235,"{'colsample_bytree': 0.652, 'learning_rate': 0.041, 'max_depth': 3.0, 'min_child_weight': 5.0, 'n_estimators': 353.0, 'reg_lambda': 9.479, 'subsample': 0.641}",0.4
HAAFP,1,ridge,random,1384,0.1776011861815392,0.1206468493325151,0.6269381193456981,0.1962912187345162,0.6235711623431589,0.0797858693492134,0.1766005724584342,0.0188156809329223,0.262051983321003,0.1853783257414014,0.5364555080727245,0.1689391767176219,0.5047583089218597,0.1624464621012238,0.3783251602673495,0.1967330187977612,,0.0
HAAFP,1,hgb,random,1384,0.157006497185398,0.1130199909648392,0.70844237738433,0.1966430921462418,0.7059611776240009,0.0635003758876087,0.1560780738131157,0.0169368939233255,0.4892676842767818,0.1542207246785492,0.4391281957492206,0.185830273024643,0.6106999217874888,0.1440269964206036,0.5294196049366033,0.1711640387928429,"{'l2_regularization': 0.58, 'learning_rate': 0.063, 'max_depth': 5.0, 'max_iter': 279.0, 'min_samples_leaf': 11.5}",4.6
HAAFP,1,xgb,random,1384,0.1534951575024074,0.1111360534370944,0.7213375130229922,0.1893158222544944,0.7186332037592227,0.0662142627281514,0.1524753604185415,0.0174602522699474,0.5116787782886183,0.1507991417377775,0.4775748768039952,0.1793480618863108,0.617788949012529,0.1427096293887176,0.5619859103636964,0.1651351977779405,"{'colsample_bytree': 0.742, 'learning_rate': 0.026, 'max_depth': 3.0, 'min_child_weight': 3.5, 'n_estimators': 455.0, 'reg_lambda': 2.194, 'subsample': 0.885}",3.3
HAAFP,2,ridge,random,1384,0.1646677242711788,0.1175943115298706,0.6792947140225715,0.20001422282699,0.676661626080823,0.0537486038113468,0.164046646201613,0.0142397775656638,0.3219652178715529,0.1776937108805426,0.5740915876321752,0.16193576230531,0.6166905947089543,0.1429145335734952,0.4933801037053159,0.1775974523107646,,0.1
HAAFP,2,hgb,random,1384,0.1452440313126327,0.1034884471584486,0.7504912732481789,0.1732826074152136,0.7481609394413045,0.0441726302808189,0.1446549676538312,0.0128577057963755,0.5334499075712444,0.1473992285169517,0.484130160039805,0.1782192984979779,0.7030191440329628,0.1257957259511092,0.6134869043707887,0.1551235435975212,"{'l2_regularization': 0.415, 'learning_rate': 0.055, 'max_depth': 4.5, 'max_iter': 470.0, 'min_samples_leaf': 16.5}",5.3
HAAFP,2,xgb,random,1384,0.1463662105640223,0.1034115630717155,0.746620888329533,0.1733289088075575,0.744053869620103,0.0498947125458215,0.1456919231522378,0.0138389855227898,0.5365529643006242,0.146908229538325,0.4977605054110204,0.1758490763903236,0.6955553112974671,0.1273666890550164,0.5727827207395949,0.1630872521969504,"{'colsample_bytree': 0.66, 'learning_rate': 0.087, 'max_depth': 3.0, 'min_child_weight': 2.5, 'n_estimators': 404.0, 'reg_lambda': 0.704, 'subsample': 0.858}",3.7
HAAFP,3,ridge,random,1384,0.156156043121423,0.1117393934828326,0.7115923720564002,0.1865964695952974,0.7100533375071699,0.0418270326947189,0.1555571429872509,0.0135451132499238,0.5103611683789648,0.1510024511411786,0.5629092717576878,0.1640478179332167,0.5737657028052036,0.1507043730762201,0.4947782081662093,0.1773522277001841,,0.1
HAAFP,3,hgb,random,1384,0.142476622090242,0.1000904068132795,0.7599087286651669,0.1643870424986044,0.758781477592032,0.0354168696890901,0.1418877575821758,0.0126925235804534,0.5841048233754811,0.1391675598275279,0.5449978501554487,0.1673753064945345,0.6747523321959565,0.1316463292400209,0.6065938929391146,0.1565006549083646,"{'l2_regularization': 0.707, 'learning_rate': 0.083, 'max_depth': 5.0, 'max_iter': 351.0, 'min_samples_leaf': 16.5}",5.7
HAAFP,3,xgb,random,1384,0.1391536830692044,0.0975392549024689,0.7709772831829887,0.1651473234749481,0.7701012334847879,0.0370905622288301,0.1384685874632777,0.0136111343427252,0.6123285279842022,0.1343624741051829,0.5861313501077475,0.1596305191699349,0.6700919289224141,0.1325861404726707,0.6312515898572564,0.1515167648583996,"{'colsample_bytree': 0.652, 'learning_rate': 0.041, 'max_depth': 3.0, 'min_child_weight': 4.0, 'n_estimators': 353.0, 'reg_lambda': 6.541, 'subsample': 0.715}",4.5
HAAFP,1,ridge,month,692,0.1914245984502766,0.1293398694947693,0.56660425756741,0.2097015968736107,0.56886061161221,0.3179749662291344,0.1767083519662563,0.0716023586540743,0.0825421198543722,0.2066993629628716,0.4776589297447633,0.1793336336575129,0.4815191331675895,0.1662141624988626,0.276084208074713,0.2122949365415882,,0.0
HAAFP,1,hgb,month,692,0.2022211944371462,0.1392537827689482,0.5163374139587384,0.227553219700358,0.5303164193601926,0.2628056758882075,0.1877421021467614,0.073041027062698,-0.1297935388848605,0.2293747529921484,0.2317261405055181,0.2174917006766662,0.5356143144269987,0.1573044724571143,0.3307191624519286,0.2041266959059162,"{'l2_regularization': 0.482, 'learning_rate': 0.089, 'max_depth': 2.5, 'max_iter': 343.0, 'min_samples_leaf': 10.0}",3.3
HAAFP,1,xgb,month,692,0.1939916999365069,0.1336015272009043,0.554902199056005,0.211398813678853,0.5707979246515595,0.2358193228598185,0.1801387842225714,0.0699380986615296,-0.0435314915423243,0.220444288107355,0.3367927000092907,0.2020734749720108,0.5585794136856612,0.153365597183622,0.3884388944866639,0.195126178506183,"{'colsample_bytree': 0.664, 'learning_rate': 0.062, 'max_depth': 3.0, 'min_child_weight': 1.0, 'n_estimators': 304.0, 'reg_lambda': 2.199, 'subsample': 0.845}",2.5
HAAFP,2,ridge,month,692,0.1878152141569968,0.1315304519376593,0.5827938605439867,0.2239559828668684,0.5822421573178664,0.2228606734163351,0.1769549966878598,0.060775739087437,0.0532864584965476,0.2099690895723457,0.4585160783891204,0.1825901913455392,0.5514354602460894,0.1546016510563971,0.3673187929938839,0.1984668961719715,,0.0
HAAFP,2,hgb,month,692,0.1954354449269014,0.1343264290067513,0.5482524407291394,0.2203820959161087,0.5631590631933674,0.2370362387107248,0.1816020004705133,0.0701321866978169,-0.0985799891988732,0.2261840168617742,0.3515704846036419,0.1998094610801284,0.564964412410488,0.1522523662792639,0.4204959503387786,0.1899432427853765,"{'l2_regularization': 0.64, 'learning_rate': 0.028, 'max_depth': 2.0, 'max_iter': 131.0, 'min_samples_leaf': 15.0}",3.4
HAAFP,2,xgb,month,692,0.1975824746128632,0.1343590894343091,0.5382722336459067,0.2071982759639804,0.554364605621968,0.2474651055468645,0.1833844499891308,0.0715269905021844,-0.1279751860045899,0.229190094387163,0.4244108992253972,0.188252582108719,0.5430830431182533,0.1560343787815074,0.3760144129081306,0.1970983051370668,"{'colsample_bytree': 0.736, 'learning_rate': 0.085, 'max_depth': 4.0, 'min_child_weight': 4.5, 'n_estimators': 353.0, 'reg_lambda': 0.749, 'subsample': 0.817}",3.1
HAAFP,3,ridge,month,692,0.1721641879404263,0.1202473027510811,0.6494299682238224,0.1975878897102184,0.6457069976688846,0.18259420162831,0.1629692650860334,0.0537090532597215,0.3378513298744946,0.1755997228470597,0.4684614919908061,0.180905606941318,0.5469152682899908,0.1553786601204382,0.394915212817987,0.1940902536795206,,0.0
HAAFP,3,hgb,month,692,0.1818169878616232,0.1235164495589024,0.609016825647912,0.1918277732316213,0.6223088522491985,0.2251612688092901,0.1681008668506214,0.0674852302124824,0.0738462176724679,0.2076766276429403,0.4137979054894042,0.1899802014637169,0.6112077400246727,0.1439330285451649,0.4896285588782033,0.1782537983439525,"{'l2_regularization': 0.594, 'learning_rate': 0.089, 'max_depth': 3.5, 'max_iter': 343.0, 'min_samples_leaf': 11.0}",4.4
HAAFP,3,xgb,month,692,0.1805791515719635,0.1239335085109045,0.6143224429939069,0.1939513706597793,0.6259248124940184,0.2127162315986928,0.1676549042481516,0.0653866671076138,0.1468810216822478,0.1993199971046615,0.4546490259767272,0.1832410229313167,0.5516408032980065,0.1545662603755957,0.4755545931249851,0.180694841173385,"{'colsample_bytree': 0.652, 'learning_rate': 0.041, 'max_depth': 3.0, 'min_child_weight': 5.0, 'n_estimators': 353.0, 'reg_lambda': 9.479, 'subsample': 0.641}",3.8
HAAFP,1,ridge,site,692,0.1786407434524337,0.1221852832414073,0.622558033665392,0.2015131404438917,0.553898497136086,0.1406628391903648,0.1772344523196837,0.0220032916146543,0.2784477394608584,0.1833073868535399,0.4970088422620836,0.1759806170728688,0.471946259664728,0.1677415763546373,0.4010968703641956,0.1930962776256882,,0.0
HAAFP,1,hgb,site,692,0.1566748875346153,0.1146801173800728,0.7096726604858545,0.1981029019752165,0.6538841147747084,0.1068950911941336,0.1557294363685578,0.0165381646135385,0.5396515846423534,0.1464162895331139,0.3582517796503379,0.1987773962040536,0.5907400664551469,0.1476730596299237,0.5366180569766374,0.1698498484505644,"{'l2_regularization': 0.549, 'learning_rate': 0.066, 'max_depth': 5.0, 'max_iter': 343.0, 'min_samples_leaf': 10.0}",5.5
HAAFP,1,xgb,site,692,0.1553438522818299,0.1128644866453508,0.7145846721296001,0.1982132943005247,0.6615887527040243,0.1088512945044086,0.154078994030275,0.0192639773692618,0.5397425737849149,0.1464018190249518,0.3543717549896689,0.1993773970454373,0.6167995405442321,0.1428942222407771,0.5316252836809299,0.1707624322726617,"{'colsample_bytree': 0.664, 'learning_rate': 0.026, 'max_depth': 3.0, 'min_child_weight': 4.0, 'n_estimators': 455.0, 'reg_lambda': 2.194, 'subsample': 0.684}",3.7
HAAFP,2,ridge,site,692,0.2018609038252846,0.1591663026118539,0.5180593289519043,0.3004792788692754,0.4590840527916002,0.0610820374065302,0.2002022666537039,0.0274723709388035,0.1763179218009669,0.1958510385575862,0.2554749925668061,0.2141037656723263,0.1776731941909456,0.2093263410045379,0.4227559456952745,0.1895725031925555,,0.1
HAAFP,2,hgb,site,692,0.1974053645771277,0.1506653044740584,0.5390996346558049,0.2586596064401238,0.4926843263654784,0.0592861688607472,0.1948463716238516,0.0335039394588084,0.5049822304229765,0.1518296060076986,0.1561548987888963,0.227937629669082,0.0091593297281464,0.2297754210597186,0.3397443921132513,0.2027457036189871,"{'l2_regularization': 0.337, 'learning_rate': 0.089, 'max_depth': 2.0, 'max_iter': 343.0, 'min_samples_leaf': 10.0}",5.3
HAAFP,2,xgb,site,692,0.1809780586842611,0.1351518752833302,0.6126166043153396,0.238661923315516,0.5646746198677373,0.0731492190664502,0.179112045898411,0.0269298135552339,0.5372221582644083,0.1468021272146463,0.1577077512592213,0.2277278065048365,0.2854496050937556,0.1951273247032878,0.3977584489348116,0.1936337108737727,"{'colsample_bytree': 0.652, 'learning_rate': 0.041, 'max_depth': 3.0, 'min_child_weight': 4.0, 'n_estimators': 353.0, 'reg_lambda': 3.603, 'subsample': 0.789}",4.4
HAAFP,3,ridge,site,692,0.2096553128720976,0.1679457183005458,0.4801226509021041,0.3134949151209288,0.4171279959852731,0.0915244187827715,0.2075728001006373,0.0307693224773193,0.3035361347474361,0.18009239137229,0.2306435550686819,0.2176448820312793,-0.0728288849538381,0.2390930143504234,0.3231869307743769,0.2052721252450573,,0.1
HAAFP,3,hgb,site,692,0.1892596129183493,0.1432902309346294,0.5763521115399719,0.2436199849440269,0.5365640065918287,0.0394991056890847,0.1866191904296362,0.0328687181400055,0.4931679392770585,0.1536307356639243,0.2905758859075337,0.2089958364045349,0.110707324237454,0.2176827504300175,0.4101501247036755,0.1916312606095903,"{'l2_regularization': 0.415, 'learning_rate': 0.06, 'max_depth': 2.0, 'max_iter': 343.0, 'min_samples_leaf': 15.0}",6.1
HAAFP,3,xgb,site,692,0.1651749586848616,0.1207065626443901,0.6773159011978129,0.2006632928138114,0.6347728561124089,0.0696908313107308,0.1635587214940551,0.0234839226320453,0.5825533762893449,0.1394268921477591,0.4184143549658008,0.1892306583082282,0.4055235543858243,0.1779790909485255,0.4724653308295874,0.1812262540914901,"{'colsample_bytree': 0.647, 'learning_rate': 0.087, 'max_depth': 3.0, 'min_child_weight': 1.0, 'n_estimators': 181.0, 'reg_lambda': 0.163, 'subsample': 0.789}",5.2
HAAFP,1,ridge,forward,176,0.2814594984335288,0.1788782190295475,0.36784607415712,0.254022768600433,0.36784607415712,0.0,0.2814594984335288,0.0,-0.1972287719824079,0.3203490112734369,0.2604456591964978,0.2474698750521286,0.3711003998577831,0.2323072364545269,-0.1121801582680859,0.29516280479696,,0.0
HAAFP,1,hgb,forward,176,0.2665671385337576,0.1907093351990528,0.4329723451021586,0.2933611523511854,0.4329723451021586,0.0,0.2665671385337576,0.0,-0.068516518424001,0.3026393778325099,0.0080858656262727,0.2865987772693211,0.4016249113075069,0.2265994396472306,0.368046510535884,0.2224931349398273,"{'l2_regularization': 0.812, 'learning_rate': 0.06, 'max_depth': 3.0, 'max_iter': 265.0, 'min_samples_leaf': 18.0}",0.4
HAAFP,1,xgb,forward,176,0.2605437670827458,0.187391788309423,0.4583080311264058,0.2956877414164442,0.4583080311264058,0.0,0.2605437670827458,0.0,0.0113316758473316,0.2911120116108071,0.0416996903296963,0.2817008179719876,0.4095689314368979,0.2250902482584503,0.3517858888734929,0.2253374097028596,"{'colsample_bytree': 0.652, 'learning_rate': 0.041, 'max_depth': 3.0, 'min_child_weight': 5.0, 'n_estimators': 353.0, 'reg_lambda': 9.479, 'subsample': 0.641}",0.3
HAAFP,2,ridge,forward,176,0.2558976926623522,0.1707191854756251,0.4774549229038611,0.2492271086438521,0.4774549229038611,0.0,0.2558976926623522,0.0,0.0159329236459826,0.2904338060967465,0.1464523319214787,0.265858887986548,0.4798289735774822,0.2112735638745846,0.276609245349944,0.2380458059267447,,0.0
HAAFP,2,hgb,forward,176,0.2619273448859621,0.1930206537724611,0.4525396109218276,0.3179425317768105,0.4525396109218276,0.0,0.2619273448859621,0.0,-0.0337986380076138,0.2976821495810943,-0.0187875304420943,0.2904551653152226,0.4761532486649545,0.2120187191990336,0.3032000727485018,0.2336297291574157,"{'l2_regularization': 0.64, 'learning_rate': 0.028, 'max_depth': 2.0, 'max_iter': 131.0, 'min_samples_leaf': 15.0}",0.4
HAAFP,2,xgb,forward,176,0.2650906885986935,0.1899286442834727,0.4392362038778774,0.3028776767126436,0.4392362038778774,0.0,0.2650906885986935,0.0,-0.055558208126091,0.3007986680624011,-0.0790657240852779,0.2989243149372154,0.463395165526957,0.2145850045457756,0.3066012774776823,0.2330588374595419,"{'colsample_bytree': 0.865, 'learning_rate': 0.021, 'max_depth': 3.0, 'min_child_weight': 3.0, 'n_estimators': 442.0, 'reg_lambda': 0.156, 'subsample': 0.991}",0.4
HAAFP,3,ridge,forward,176,0.2430206888061954,0.1660977110542796,0.5287216214826322,0.2585655388191816,0.5287216214826322,0.0,0.2430206888061954,0.0,0.3499471340008145,0.2360527987265514,0.095388399227735,0.2736959495064807,0.3102419591426046,0.2432878750322719,0.2909820681581245,0.2356691127259899,,0.0
HAAFP,3,hgb,forward,176,0.2477237412505733,0.1687957322518859,0.5103043105048641,0.2489844095315742,0.5103043105048641,0.0,0.2477237412505733,0.0,0.1635233246240663,0.267769885559514,-0.0609493991324419,0.2964043884740402,0.4677581211074982,0.2137108644038255,0.3932474943992977,0.2180117225675288,"{'l2_regularization': 0.415, 'learning_rate': 0.037, 'max_depth': 5.0, 'max_iter': 470.0, 'min_samples_leaf': 28.0}",0.6
HAAFP,3,xgb,forward,176,0.24416190326082823,0.16728653787833941,0.5242850238196243,0.25181008695266477,0.5242850238196243,0.0,0.24416190326082823,0.0,0.18965984176231543,0.2635533228995181,-0.00866800327381223,0.28900903243676956,0.4713946046156344,0.21297953521199955,0.4154492036012237,0.21398591368437675,"{'colsample_bytree': 0.775, 'learning_rate': 0.156, 'max_depth': 2.0, 'min_child_weight': 2.0, 'n_estimators': 189.0, 'reg_lambda': 1.142, 'subsample': 0.827}",0.4
