target,tier,model,feature,mean,sd
THMFP,t3_basin,ridge,grp_y,0.027363653895901462,0.011320615941879525
THMFP,t3_basin,ridge,basin_y,0.020846721402148376,0.010227481804104604
THMFP,t3_basin,ridge,lag1_y,0.017534549004226498,0.009924314202254515
THMFP,t3_basin,ridge,log_HS,0.013331190017166084,0.007431151990331928
THMFP,t3_basin,ridge,lag1_log_HS,0.011711628715854617,0.005730200223087381
THMFP,t3_basin,ridge,log_TOC,0.007421383369667992,0.005046529550554403
THMFP,t3_basin,ridge,basin_log_HS,0.0064852223609774655,0.005720854139463964
THMFP,t3_basin,ridge,log_Br,0.006454694714043963,0.005298867402436773
THMFP,t3_basin,ridge,log_BB,0.0035165360405374347,0.002690033710768599
THMFP,t3_basin,ridge,up_y,0.0033194389174739467,0.0027816089754900924
THMFP,t3_basin,ridge,log_Turbidity,0.0032796717790835807,0.0019164094306495928
THMFP,t3_basin,ridge,down_y,0.0029676621671063993,0.0029545438411287973
THMFP,t3_basin,ridge,month_sin,0.0028623412790995204,0.002953338502159882
THMFP,t3_basin,ridge,lag1_log_TOC,0.002728176906546594,0.001927510968497312
THMFP,t3_basin,ridge,Temp,0.0008524989491954864,0.0013212338726873412
THMFP,t3_basin,ridge,wtp_Goryeong,0.0006742424473759458,0.0010810388287012082
THMFP,t3_basin,ridge,up_log_TOC,0.000660640870453593,0.0011687004439414786
THMFP,t3_basin,ridge,plant_raw_y,0.0005527164880071238,0.002469191683486838
THMFP,t3_basin,ridge,month_cos,0.00044450974799470615,0.0008187375843979397
THMFP,t3_basin,ridge,down_log_TOC,0.0003575653573255932,0.0008867872893797821
THMFP,t3_basin,ridge,stage_idx,0.0003256802342813605,0.0012223037260086953
THMFP,t3_basin,ridge,wtp_Bansong,0.000130058244272091,0.0003269220131730103
THMFP,t3_basin,ridge,pH,1.1417250493153143e-05,0.0006947194158122284
THMFP,t3_basin,ridge,Site,0.0,0.0
THMFP,t3_basin,ridge,basin_log_TOC,-0.00014571561119875048,0.0014869720200977883
THMFP,t3_basin,ridge,wtp_Gumi,-0.00022909284447312657,0.0010666702774238816
THMFP,t3_basin,ridge,ms_position,-0.0003412760553436545,0.003449076915463957
THMFP,t3_basin,ridge,log_Biopolymer,-0.0004486999900527287,0.0011890131852314622
THMFP,t3_basin,ridge,log_LMWN,-0.0005327229830680622,0.0013646010067620835
THMFP,t3_basin,ridge,group_tributary,-0.0005335009257291967,0.0013904344680804688
THMFP,t3_basin,ridge,group_reservoir,-0.0005918011883178523,0.0034629471371808896
THMFP,t3_basin,ridge,log_EC,-0.0006001237088920918,0.0012620069953432908
THMFP,t3_basin,ridge,hist_mean_y,-0.0007954656850522912,0.00484896360955365
THMFP,t3_basin,ridge,group_treatment,-0.0011546693146823708,0.0019306551504096265
THMFP,t3_basin,ridge,group_main_stem,-0.0014529339292914131,0.0026066556659939946
HAAFP,t4_all,ridge,down_y,0.02142301763954052,0.011963785210551262
HAAFP,t4_all,ridge,log_HS,0.021015984937364444,0.009916100882356638
HAAFP,t4_all,ridge,up_y,0.017584537707990497,0.014518070894569093
HAAFP,t4_all,ridge,log_NH3N,0.014667876004547525,0.007109934835925245
HAAFP,t4_all,ridge,basin_y,0.01342497988706957,0.005973585495078435
HAAFP,t4_all,ridge,hist_mean_y,0.01200628781231582,0.007163660277890253
HAAFP,t4_all,ridge,log_TOC,0.010393798634832281,0.0062493277885380775
HAAFP,t4_all,ridge,log_BB,0.010220997718655814,0.008448047118346928
HAAFP,t4_all,ridge,ratio_HS_TOC,0.00902968789876981,0.006887870541597982
HAAFP,t4_all,ridge,grp_y,0.008711295745447729,0.0059241143551857205
HAAFP,t4_all,ridge,lag1_log_HS,0.005618740364141943,0.0037618419103670193
HAAFP,t4_all,ridge,stage_idx,0.003790084585206123,0.004098742012222494
HAAFP,t4_all,ridge,log_Br,0.0035622792618993445,0.002895941317175306
HAAFP,t4_all,ridge,Temp_x_logTOC,0.0033227799527046353,0.002415178306419398
HAAFP,t4_all,ridge,basin_log_TOC,0.0030612545010006297,0.004518404248913333
HAAFP,t4_all,ridge,month_sin,0.0024232603970972357,0.0019393500757889175
HAAFP,t4_all,ridge,log_Turbidity,0.0023716573347678767,0.0024396080039633342
HAAFP,t4_all,ridge,SUVA,0.0018905370511605227,0.0012436846027959441
HAAFP,t4_all,ridge,Temp,0.0016414017582901746,0.0017551353772904262
HAAFP,t4_all,ridge,Aromaticity,0.001617982032919299,0.0011991781104788136
HAAFP,t4_all,ridge,log_SS,0.001555136255641378,0.007005918362364416
HAAFP,t4_all,ridge,down_log_TOC,0.0014467893904691062,0.002022048707497497
HAAFP,t4_all,ridge,log_BOD,0.0013964981697519522,0.002445448418892939
HAAFP,t4_all,ridge,ratio_LMWN_TOC,0.0013648540965780223,0.001425323491908466
HAAFP,t4_all,ridge,MolWeight,0.0013292241321884706,0.000990881849781056
HAAFP,t4_all,ridge,lag2_y,0.0010945168216625974,0.0011869368298944864
HAAFP,t4_all,ridge,wtp_Goryeong,0.0009070038419613913,0.0011023553818728354
HAAFP,t4_all,ridge,lag1_y,0.0005074037658848353,0.0016261220870196487
HAAFP,t4_all,ridge,wtp_Bansong,0.00039609912899403314,0.001114971965927231
HAAFP,t4_all,ridge,plant_raw_y,0.00038161166335713215,0.002900421729258573
HAAFP,t4_all,ridge,group_reservoir,0.00012975673203010623,0.004791065337810408
HAAFP,t4_all,ridge,log_LMWN,8.085505914292958e-05,0.0002587433622887171
HAAFP,t4_all,ridge,month_cos,7.40527811571624e-05,0.0005607926147738621
HAAFP,t4_all,ridge,basin_log_HS,4.6429577021865055e-05,0.0020208711373654203
HAAFP,t4_all,ridge,Site,0.0,0.0
HAAFP,t4_all,ridge,ratio_Br_TOC,-9.80245371468117e-05,0.00038421861760903404
HAAFP,t4_all,ridge,ratio_BB_TOC,-0.0002089773848213741,0.000719604877154001
HAAFP,t4_all,ridge,group_tributary,-0.0003985692727673379,0.000997925760973267
HAAFP,t4_all,ridge,up_lag1_y,-0.0004913770426928194,0.0030071461300552773
HAAFP,t4_all,ridge,up_log_TOC,-0.0005034525900413859,0.0025987236862948905
HAAFP,t4_all,ridge,log_EC,-0.0007090514050685669,0.0012243825444320287
HAAFP,t4_all,ridge,log_COD,-0.0007810753899967445,0.0028614510587505917
HAAFP,t4_all,ridge,up_y_other,-0.0008282328223077428,0.0037264381162759415
HAAFP,t4_all,ridge,hist_mean_y_other,-0.0009270645290578975,0.001490918985313676
HAAFP,t4_all,ridge,ratio_Biopolymer_TOC,-0.000965308127300693,0.004877357515005141
HAAFP,t4_all,ridge,lag1_y_other,-0.0010310506292775061,0.0024042907892163424
HAAFP,t4_all,ridge,DO,-0.0011212714138333962,0.0019524749580167443
HAAFP,t4_all,ridge,lag1_log_TOC,-0.00121770486013661,0.0022470877011869827
HAAFP,t4_all,ridge,wtp_Gumi,-0.0012382299376629902,0.0036866689284803674
HAAFP,t4_all,ridge,log_Biopolymer,-0.0012502377577775813,0.0016032191223312457
HAAFP,t4_all,ridge,pH,-0.0016695842295855552,0.0023303529729201684
HAAFP,t4_all,ridge,group_treatment,-0.003052697312295345,0.003480984325907117
HAAFP,t4_all,ridge,group_main_stem,-0.004620536050643757,0.006479597985620215
HAAFP,t4_all,ridge,ms_position,-0.004797458161196719,0.006272449057372582
