target,feature,x,y_pred
THMFP,lag1_y,-1.4935136255242958,-1.1302469
THMFP,lag1_y,-1.4436974992327127,-1.1302469
THMFP,lag1_y,-1.408935392973501,-1.1262355
THMFP,lag1_y,-1.3665315444204136,-1.1234735
THMFP,lag1_y,-1.3565473235138126,-1.1234735
THMFP,lag1_y,-1.337242168318426,-1.1233671
THMFP,lag1_y,-1.3098039199714864,-1.1106358
THMFP,lag1_y,-1.275724130399211,-1.1104728
THMFP,lag1_y,-1.2480215712721456,-1.1037933
THMFP,lag1_y,-1.2218487496163564,-1.1035525
THMFP,lag1_y,-1.193820026016113,-1.0920699
THMFP,lag1_y,-1.1804560644581312,-1.0503908
THMFP,lag1_y,-1.1611509092627446,-1.0445092
THMFP,lag1_y,-1.1419858414937551,-1.0450392
THMFP,lag1_y,-1.1135092748275182,-1.0456111
THMFP,lag1_y,-1.0861861476162833,-1.0456111
THMFP,lag1_y,-1.0604807473813815,-1.04689
THMFP,lag1_y,-1.0362121726544447,-1.0459486
THMFP,lag1_y,-1.013228265733755,-1.0437475
THMFP,lag1_y,-0.9871627752948278,-1.0432476
THMFP,lag1_y,-0.9563169023479645,-1.0425681
THMFP,lag1_y,-0.9262602401052484,-1.0428869
THMFP,lag1_y,-0.8961962790440432,-1.0470747
THMFP,lag1_y,-0.8749929272675165,-1.0245501
THMFP,lag1_y,-0.8569851997459049,-0.9982055
THMFP,lag1_y,-0.8210230527068306,-0.9891241
THMFP,lag1_y,-0.7878123955960422,-0.99297243
THMFP,lag1_y,-0.7467736057267353,-0.9675918
THMFP,lag1_y,-0.6990225506628464,-0.9696257
THMFP,lag1_y,-0.6595558851598816,-0.96853644
THMFP,month_sin,-1.0,-1.0982879
THMFP,month_sin,-0.8660254037844386,-1.1103537
THMFP,month_sin,-0.8660254037844384,-1.1103537
THMFP,month_sin,-0.5000000000000004,-1.110975
THMFP,month_sin,-0.4999999999999997,-1.110975
THMFP,month_sin,-2.4492935982947064e-16,-1.0926607
THMFP,month_sin,1.2246467991473532e-16,-1.0571597
THMFP,month_sin,0.49999999999999994,-1.0332056
THMFP,month_sin,0.8660254037844386,-1.0148563
THMFP,month_sin,0.8660254037844387,-1.0148563
THMFP,month_sin,1.0,-1.0148563
THMFP,month_cos,-1.0,-1.0456057
THMFP,month_cos,-0.8660254037844388,-1.043494
THMFP,month_cos,-0.8660254037844387,-1.043494
THMFP,month_cos,-0.5000000000000004,-1.0401657
THMFP,month_cos,-0.4999999999999998,-1.0401657
THMFP,month_cos,-1.8369701987210297e-16,-1.0716752
THMFP,month_cos,6.123233995736766e-17,-1.1086515
THMFP,month_cos,0.5000000000000001,-1.1141719
THMFP,month_cos,0.8660254037844384,-1.1147205
THMFP,month_cos,0.8660254037844387,-1.1147205
THMFP,month_cos,1.0,-1.1147205
THMFP,Temp,3.0,-1.1096851
THMFP,Temp,3.6075862068965514,-1.1097637
THMFP,Temp,5.0,-1.109673
THMFP,Temp,5.3,-1.1095424
THMFP,Temp,6.8,-1.1107885
THMFP,Temp,7.5,-1.1104212
THMFP,Temp,8.8,-1.1067533
THMFP,Temp,10.0,-1.0997411
THMFP,Temp,11.0,-1.0779142
THMFP,Temp,13.0,-1.0599405
THMFP,Temp,15.0,-1.0456225
THMFP,Temp,16.883448275862065,-1.0425192
THMFP,Temp,17.5,-1.0445392
THMFP,Temp,18.0,-1.0429143
THMFP,Temp,19.0,-1.0439742
THMFP,Temp,20.0,-1.0480443
THMFP,Temp,21.0,-1.0706979
THMFP,Temp,22.0,-1.0733304
THMFP,Temp,22.2,-1.0614741
THMFP,Temp,23.0,-1.0499855
THMFP,Temp,23.42344827586206,-1.0499855
THMFP,Temp,24.0,-1.0479819
THMFP,Temp,24.2,-1.0479819
THMFP,Temp,24.7,-1.0479819
THMFP,Temp,25.8,-1.0488784
THMFP,Temp,26.0,-1.0488784
THMFP,Temp,27.0,-1.0509543
THMFP,Temp,27.889655172413793,-1.0534188
THMFP,Temp,28.8,-1.0521886
THMFP,Temp,29.74,-1.0515118
HAAFP,log_HS,2.6606843133791456,-1.1405262
HAAFP,log_HS,2.691389991752974,-1.1446006
HAAFP,log_HS,2.7181774519638204,-1.1446006
HAAFP,log_HS,2.7313498355460673,-1.1425428
HAAFP,log_HS,2.752544064129874,-1.1425428
HAAFP,log_HS,2.767959339838215,-1.1425428
HAAFP,log_HS,2.788773959261286,-1.1412772
HAAFP,log_HS,2.8080052923515075,-1.1378949
HAAFP,log_HS,2.8276716364324046,-1.1302822
HAAFP,log_HS,2.8434509067354163,-1.1308124
HAAFP,log_HS,2.864187942463443,-1.1281178
HAAFP,log_HS,2.88828928021702,-1.1274806
HAAFP,log_HS,2.908467895048505,-1.0958142
HAAFP,log_HS,2.927935063061233,-1.0965682
HAAFP,log_HS,2.9383090765713655,-1.0669929
HAAFP,log_HS,2.9491123888259656,-1.0669929
HAAFP,log_HS,2.9646605923572382,-1.0480379
HAAFP,log_HS,2.9765914232670045,-1.0480379
HAAFP,log_HS,2.99534047699108,-1.0480379
HAAFP,log_HS,3.0135778994063114,-1.0531981
HAAFP,log_HS,3.0285033914282753,-1.0499498
HAAFP,log_HS,3.0485205278265806,-1.0530877
HAAFP,log_HS,3.072312290759966,-1.0530877
HAAFP,log_HS,3.0949016596926215,-0.9994299
HAAFP,log_HS,3.1255020482445914,-0.97395617
HAAFP,log_HS,3.146937362512119,-0.9622507
HAAFP,log_HS,3.2010249552258467,-0.9623924
HAAFP,log_HS,3.2316698099190324,-0.9623924
HAAFP,log_HS,3.2624455968851875,-0.9623924
HAAFP,log_HS,3.3153633183337194,-0.91371095
HAAFP,hist_mean_y,-1.515136150772919,-1.114218
HAAFP,hist_mean_y,-1.470019524441888,-1.1070994
HAAFP,hist_mean_y,-1.4426516537596077,-1.1126353
HAAFP,hist_mean_y,-1.4027472650136326,-1.1126353
HAAFP,hist_mean_y,-1.3632062282380524,-1.1202683
HAAFP,hist_mean_y,-1.3161621931401426,-1.1072606
HAAFP,hist_mean_y,-1.2918129841606947,-1.1072606
HAAFP,hist_mean_y,-1.262903995195388,-1.1035677
HAAFP,hist_mean_y,-1.2406851539397068,-1.1003077
HAAFP,hist_mean_y,-1.2278220285439367,-1.1003077
HAAFP,hist_mean_y,-1.1969833987044174,-1.0990815
HAAFP,hist_mean_y,-1.174514400972918,-1.0990815
HAAFP,hist_mean_y,-1.11647690922065,-1.0381961
HAAFP,hist_mean_y,-1.0861579427626418,-1.0258543
HAAFP,hist_mean_y,-1.065288413035275,-1.0257134
HAAFP,hist_mean_y,-1.0227199467078756,-1.0240902
HAAFP,hist_mean_y,-0.9902502408173798,-1.0240902
HAAFP,hist_mean_y,-0.9634623631785012,-1.0230409
HAAFP,hist_mean_y,-0.9506103257819527,-1.0230409
HAAFP,hist_mean_y,-0.9353360573635925,-1.0233704
HAAFP,hist_mean_y,-0.9277236312046009,-1.0282722
HAAFP,hist_mean_y,-0.9209857492803502,-1.0282722
HAAFP,hist_mean_y,-0.9118860624915482,-1.0282722
HAAFP,hist_mean_y,-0.901567765887934,-1.0282722
HAAFP,hist_mean_y,-0.8916756300344215,-1.0279526
HAAFP,hist_mean_y,-0.8831876639599259,-1.0277437
HAAFP,hist_mean_y,-0.8693522762091975,-1.0250987
HAAFP,hist_mean_y,-0.8536537328769433,-1.0250987
HAAFP,hist_mean_y,-0.8388001968966314,-1.0250987
HAAFP,hist_mean_y,-0.8053305734812375,-1.0131812
HAAFP,up_y,-1.5228787452803376,-1.1807227
HAAFP,up_y,-1.4436974992327127,-1.1807227
HAAFP,up_y,-1.408935392973501,-1.1565129
HAAFP,up_y,-1.3565473235138126,-1.155379
HAAFP,up_y,-1.3098039199714864,-1.1516812
HAAFP,up_y,-1.2676062401770314,-1.1516812
HAAFP,up_y,-1.2441251443275085,-1.1482675
HAAFP,up_y,-1.213635238038481,-1.1436182
HAAFP,up_y,-1.1804560644581312,-1.1349909
HAAFP,up_y,-1.154901959985743,-1.1114897
HAAFP,up_y,-1.1307682802690238,-1.1114897
HAAFP,up_y,-1.1135092748275182,-1.1116272
HAAFP,up_y,-1.0861861476162833,-1.1116272
HAAFP,up_y,-1.0563645322181476,-1.1116698
HAAFP,up_y,-1.0457574905606752,-1.1115885
HAAFP,up_y,-1.0220176503736111,-1.0574532
HAAFP,up_y,-1.0036197782734113,-1.0635085
HAAFP,up_y,-0.969466918284985,-1.0635085
HAAFP,up_y,-0.949244464902477,-1.0570518
HAAFP,up_y,-0.9281179926938746,-1.0559111
HAAFP,up_y,-0.9030899869919435,-1.0559111
HAAFP,up_y,-0.8961962790440432,-1.0559111
HAAFP,up_y,-0.8632794328435931,-1.0559111
HAAFP,up_y,-0.8125719628020861,-1.0596482
HAAFP,up_y,-0.7770734217883148,-1.0558064
HAAFP,up_y,-0.7491059765879632,-1.0591555
HAAFP,up_y,-0.7198429070344485,-1.0591555
HAAFP,up_y,-0.7033348097384688,-1.0622706
HAAFP,up_y,-0.6733867693189268,-1.0727409
HAAFP,up_y,-0.6332978566212728,-1.0727409
HAAFP,log_TOC,0.14402835972483954,-1.1226025
HAAFP,log_TOC,0.17864109127652436,-1.1059487
HAAFP,log_TOC,0.2098034522090668,-1.1061637
HAAFP,log_TOC,0.24123905906225052,-1.1053985
HAAFP,log_TOC,0.25812174806237426,-1.1051757
HAAFP,log_TOC,0.2776925661062787,-1.1018466
HAAFP,log_TOC,0.2863995412804153,-1.08403
HAAFP,log_TOC,0.3010299956639812,-1.08403
HAAFP,log_TOC,0.3222192947339193,-1.083616
HAAFP,log_TOC,0.3344537511509309,-1.083616
HAAFP,log_TOC,0.3424226808222063,-1.0786067
HAAFP,log_TOC,0.35243346360162214,-1.0778228
HAAFP,log_TOC,0.36172783601759284,-1.0725821
HAAFP,log_TOC,0.372175286115064,-1.0681461
HAAFP,log_TOC,0.38021124171160603,-1.0681461
HAAFP,log_TOC,0.3979400086720376,-1.0625776
HAAFP,log_TOC,0.4086764307505071,-1.064087
HAAFP,log_TOC,0.4230536702831782,-1.0647624
HAAFP,log_TOC,0.43136376415898736,-1.0647624
HAAFP,log_TOC,0.44643358117989573,-1.0487512
HAAFP,log_TOC,0.46002692038069337,-1.0487512
HAAFP,log_TOC,0.47060296325413375,-1.0487512
HAAFP,log_TOC,0.4852403000184569,-1.0487512
HAAFP,log_TOC,0.505149978319906,-1.0485317
HAAFP,log_TOC,0.5185139398778874,-1.0403926
HAAFP,log_TOC,0.5319992244841075,-1.0403926
HAAFP,log_TOC,0.5558690929844713,-1.0302179
HAAFP,log_TOC,0.5797589623361873,-1.0302179
HAAFP,log_TOC,0.6032129045537318,-1.02894
HAAFP,log_TOC,0.6729096241037512,-1.0311533
